CASE_ID,ACCIDENT_YEAR,PROC_DATE,JURIS,COLLISION_DATE,COLLISION_TIME,OFFICER_ID,REPORTING_DISTRICT,DAY_OF_WEEK,CHP_SHIFT,POPULATION,CNTY_CITY_LOC,SPECIAL_COND,BEAT_TYPE,CHP_BEAT_TYPE,CITY_DIVISION_LAPD,CHP_BEAT_CLASS,BEAT_NUMBER,PRIMARY_RD,SECONDARY_RD,DISTANCE,DIRECTION,INTERSECTION,WEATHER_1,WEATHER_2,STATE_HWY_IND,CALTRANS_COUNTY,CALTRANS_DISTRICT,STATE_ROUTE,ROUTE_SUFFIX,POSTMILE_PREFIX,POSTMILE,LOCATION_TYPE,RAMP_INTERSECTION,SIDE_OF_HWY,TOW_AWAY,COLLISION_SEVERITY,NUMBER_KILLED,NUMBER_INJURED,PARTY_COUNT,PRIMARY_COLL_FACTOR,PCF_CODE_OF_VIOL,PCF_VIOL_CATEGORY,PCF_VIOLATION,PCF_VIOL_SUBSECTION,HIT_AND_RUN,TYPE_OF_COLLISION,MVIW,PED_ACTION,ROAD_SURFACE,ROAD_COND_1,ROAD_COND_2,LIGHTING,CONTROL_DEVICE,CHP_ROAD_TYPE,PEDESTRIAN_ACCIDENT,BICYCLE_ACCIDENT,MOTORCYCLE_ACCIDENT,TRUCK_ACCIDENT,NOT_PRIVATE_PROPERTY,ALCOHOL_INVOLVED,STWD_VEHTYPE_AT_FAULT,CHP_VEHTYPE_AT_FAULT,COUNT_SEVERE_INJ,COUNT_VISIBLE_INJ,COUNT_COMPLAINT_PAIN,COUNT_PED_KILLED,COUNT_PED_INJURED,COUNT_BICYCLIST_KILLED,COUNT_BICYCLIST_INJURED,COUNT_MC_KILLED,COUNT_MC_INJURED,PRIMARY_RAMP,SECONDARY_RAMP,LATITUDE,LONGITUDE,COUNTY,CITY,POINT_X,POINT_Y
9322058,2021,2021-09-29,2303,2021-07-02,1951,498,2303,5,5,3,2303,0,0,0,,0,002,"SOUTH STATE ST","WABASH AV",177.00,N,N,A,-,N,,,,,,,,,,Y,3,0,1,2,A,-,09,21804,A,N,D,C,A,A,H,-,A,D,0,,,,,Y,,A,01,0,1,0,0,0,0,0,0,0,"- ","- ",,,MENDOCINO,UKIAH,-123.20479583740234,39.132595062255859
9317351,2021,2021-09-20,2301,2021-08-10,0817,55,2301,2,5,2,2301,0,0,0,,0,001,"PINE ST","N MCPHERSON ST",0.00,,Y,A,-,N,,,,,,,,,,Y,4,0,1,2,A,-,09,21802,A,N,D,C,A,A,H,-,A,A,0,,,,,Y,,A,01,0,0,1,0,0,0,0,0,0,"- ","- ",,,MENDOCINO,"FORT BRAGG",-123.80326080322266,39.446765899658203
91561341,2021,2021-09-02,9150,2021-08-26,1345,016680,,4,1,9,2300,0,2,4,,1,023,"NORTH STATE STREET","MOORE STREET",466.00,N,N,A,-,N,,,,,,,,,,Y,2,0,2,2,A,-,08,22107,,N,A,A,A,A,H,-,A,D,0,,,,,Y,,A,01,1,1,0,0,0,0,0,0,0,"- ","- ",39.235080718994141,-123.20204925537109,MENDOCINO,UNINCORPORATED,-123.20214080810547,39.234786987304688
91942427,2021,2022-12-20,9150,2021-08-07,0140,021816,,6,3,9,2300,0,1,2,,1,012,"RIVINO RANCH OVERCROSSING","BURKE HILL RD",0.00,,Y,A,-,Y,,,,,,,,,,Y,1,1,2,1,A,-,03,22350,,N,E,8,A,A,H,-,D,A,0,,,,,Y,,A,01,2,0,0,0,0,0,0,0,0,"- ","- ",39.096969604492188,-123.19019317626953,MENDOCINO,UNINCORPORATED,,
9320246,2021,2023-06-17,2301,2021-12-09,2216,57,2301,4,5,2,2301,0,0,0,,0,001,"E PINE ST","N CORRY ST",76.00,W,N,A,-,N,,,,,,,,,,Y,1,1,0,1,A,-,03,22350,A,N,H,I,A,A,H,-,D,A,0,,,Y,,Y,,C,02,0,0,0,0,0,0,0,1,0,"- ","- ",,,MENDOCINO,"FORT BRAGG",-123.79966735839844,39.446762084960938
91395997,2021,2021-01-28,9150,2021-01-24,0023,021816,,7,3,9,2300,0,2,4,,1,023,"NORTH STATE STREET","PARDUCCI RD",0.00,,Y,B,-,N,,,,,,,,,,Y,3,0,1,1,A,-,01,23152,A,N,E,I,A,A,H,-,D,D,0,,,,,Y,Y,A,01,0,1,0,0,0,0,0,0,0,"- ","- ",39.197540283203125,-123.20636749267578,MENDOCINO,UNINCORPORATED,-123.20610046386719,39.197402954101562
91424593,2021,2021-03-10,9126,2021-03-07,0501,014469,,7,3,9,2300,0,1,3,,2,050,"SR-162 (COVELO ROAD)","CORRAL CREEK",2112.00,W,N,A,-,Y,,,162,,,,,,,Y,4,0,2,1,A,-,08,22107,,N,E,I,A,A,H,-,D,D,0,,,,,Y,,A,07,0,0,2,0,0,0,0,0,0,"- ","- ",39.562538146972656,-123.40302276611328,MENDOCINO,UNINCORPORATED,-123.40299224853516,39.562526702880859
91490911,2021,2021-06-07,9150,2021-05-28,1900,022276,,5,2,9,2300,0,1,3,,2,061,SR-128,"FLYNN CREEK RD",4224.00,W,N,A,-,Y,,,128,,,,,,,Y,2,0,2,2,A,-,03,22350,,N,D,C,A,A,H,-,A,D,0,,,Y,,Y,,C,02,1,0,1,0,0,0,0,0,1,"- ","- ",39.156219482421875,-123.61882781982422,MENDOCINO,UNINCORPORATED,-123.61880493164062,39.1561279296875
91599375,2021,2021-10-18,9150,2021-10-09,2114,021444,,6,2,9,2300,0,1,3,,1,015,SR-253,"BUTLER RANCH RD",2112.00,W,N,A,-,Y,,,253,,,,,,,Y,3,0,1,1,A,-,01,23152,A,N,F,A,A,A,H,-,D,D,0,,,,,Y,Y,A,07,0,1,0,0,0,0,0,0,0,"- ","- ",39.064918518066406,-123.22345733642578,MENDOCINO,UNINCORPORATED,-123.22344970703125,39.064907073974609
91608753,2021,2021-10-28,9150,2021-10-21,2115,022276,,4,2,9,2300,0,1,3,,1,065,SR-20,"CAMP ONE ACCESS RD",1056.00,E,N,B,C,Y,,,20,,,,,,,Y,3,0,1,1,A,-,03,22350,,N,E,I,A,B,H,-,D,D,0,,,,,Y,Y,A,01,0,1,0,0,0,0,0,0,0,"- ","- ",39.39691162109375,-123.71340179443359,MENDOCINO,UNINCORPORATED,-123.71338653564453,39.396907806396484
91406220,2021,2021-02-10,9150,2021-02-04,1614,022557,,4,2,9,2300,0,1,3,,1,037,SR-20,"DON PEDRO RANCH RD.",2640.00,W,N,A,-,Y,,,20,,,,,,,N,4,0,1,1,A,-,01,23152,A,N,E,I,A,A,H,-,A,D,0,,,,,Y,Y,A,01,0,0,1,0,0,0,0,0,0,"- ","- ",39.390960693359375,-123.41739654541016,MENDOCINO,UNINCORPORATED,-123.4173583984375,39.390907287597656
91386815,2021,2021-01-13,9126,2021-01-03,1330,021846,,7,1,9,2300,0,1,2,,2,011,"US-101 S/B","SR-271 (CUMMINGS RD)",5808.00,S,N,B,-,Y,,,101,,,,,,S,Y,4,0,1,1,A,-,01,23152,A,N,E,I,A,B,H,-,A,D,0,,,,,Y,Y,A,01,0,0,1,0,0,0,0,0,0,"- ","- ",39.827899932861328,-123.61097717285156,MENDOCINO,UNINCORPORATED,-123.61096954345703,39.827926635742188
91545412,2021,2021-08-16,9150,2021-07-30,1415,022216,,5,2,9,2300,0,1,3,,1,024,SR-20,"EASTSIDE CALPELLA RD",181.00,W,N,A,-,Y,,,20,,,,,,,Y,2,0,2,3,A,-,05,21460,A,N,B,2,A,A,H,-,A,D,0,,,,,Y,,A,07,2,0,0,0,0,0,0,0,0,"- ","- ",39.243499755859375,-123.19893646240234,MENDOCINO,UNINCORPORATED,-123.19893646240234,39.243492126464844
91564397,2021,2021-09-07,9150,2021-08-30,1650,022060,,1,2,9,2300,0,1,3,,1,062,SR-1,"JOHNSON LN",465.00,N,N,A,-,Y,,,1,,,,,,,Y,4,0,1,2,A,-,08,22107,,N,B,C,A,A,H,-,A,D,0,,,,,Y,,A,07,0,0,1,0,0,0,0,0,0,"- ","- ",39.411441802978516,-123.80850982666016,MENDOCINO,UNINCORPORATED,-123.80846405029297,39.41143798828125
91644008,2021,2021-12-06,9150,2021-11-28,0100,022276,,7,3,9,2300,0,1,3,,1,064,SR-1,"31100 N HWY 1",109.00,N,N,A,-,Y,,,1,,,,,,,Y,4,0,1,1,A,-,03,22350,,N,F,A,A,A,H,-,A,D,0,,,,,Y,,A,01,0,0,1,0,0,0,0,0,0,"- ","- ",39.567378997802734,-123.76611328125,MENDOCINO,UNINCORPORATED,-123.76612091064453,39.567398071289062
91657840,2021,2021-12-21,9150,2021-12-11,0950,021958,,6,1,9,2300,0,1,3,,2,041,SR-128,"MOUNTAIN HOUSE RD",10560.00,W,N,B,-,Y,,,128,,,,,,,Y,4,0,1,1,A,-,08,22107,,N,E,J,A,A,H,-,A,D,0,,,,,Y,,A,01,0,0,1,0,0,0,0,0,0,"- ","- ",38.881679534912109,-123.13632965087891,MENDOCINO,UNINCORPORATED,-123.13633728027344,38.881706237792969
91411128,2021,2021-02-18,9150,2021-02-12,0345,021972,,5,3,9,2300,0,3,5,,2,003,"RIDGEWOOD RD","LAKEWOOD DR",232.00,S,N,C,-,N,,,,,,,,,,Y,2,0,1,1,A,-,08,22107,,M,E,I,A,B,H,-,D,D,0,,,,,Y,,A,01,1,0,0,0,0,0,0,0,0,"- ","- ",39.372600555419922,-123.27619934082031,MENDOCINO,UNINCORPORATED,-123.27608489990234,39.372829437255859
91473595,2021,2021-05-27,9150,2021-05-12,0530,020431,,3,3,9,2300,0,3,5,,2,002,"MILL CREEK ROAD","GUIDIVILLE ROAD",4224.00,E,N,A,-,N,,,,,,,,,,Y,2,0,4,1,A,-,08,22107,,N,E,I,A,A,H,-,D,D,0,,,,,Y,,D,22,3,0,1,0,0,0,0,0,0,"- ","- ",39.131080627441406,-123.13561248779297,MENDOCINO,UNINCORPORATED,-123.1348876953125,39.131320953369141
91491234,2021,2021-06-14,9150,2021-06-01,0856,016075,,2,1,9,2300,0,3,5,,2,002,"VICHY SPRINGS RD.","WATSON RD.",528.00,N,N,A,-,N,,,,,,,,,,Y,2,0,1,1,A,-,03,22350,,N,F,I,A,A,H,-,A,D,0,,,,,Y,,A,01,1,0,0,0,0,0,0,0,0,"- ","- ",39.157039642333984,-123.18340301513672,MENDOCINO,UNINCORPORATED,-123.18392944335938,39.157150268554688
9222432,2021,2021-03-05,2301,2021-02-10,1700,56,2301,3,5,2,2301,0,0,0,,0,,"MAIN ST","CHESTNUT ST",89.00,N,N,A,-,Y,MEN,1,1,-,-,60.950,H,-,S,Y,4,0,5,4,A,-,03,22350,,N,C,C,A,A,H,-,A,A,0,,,,Y,Y,,F,26,0,0,5,0,0,0,0,0,0,"- ","- ",,,MENDOCINO,"FORT BRAGG",-123.80604553222656,39.436683654785156
91564378,2021,2021-09-07,9150,2021-08-28,2145,021444,,6,2,9,2300,0,1,2,,1,010,US-101,"COMMINSKY STATION ROAD",10560.00,N,N,A,-,Y,,,101,,,,,,,N,3,0,2,1,A,-,08,22107,,N,E,I,A,A,H,-,D,D,0,,,,,Y,Y,A,08,0,2,0,0,0,0,0,0,0,"- ","- ",38.918281555175781,-123.05867004394531,MENDOCINO,UNINCORPORATED,-123.05863952636719,38.918285369873047
91655233,2021,2021-12-17,9126,2021-11-18,0930,022449,,4,1,9,2300,0,3,5,,2,007,"MADRONE DRIVE","ARCHER LANE",0.00,,Y,B,-,N,,,,,,,,,,Y,3,0,1,1,A,-,01,23152,A,N,F,A,A,B,H,-,A,D,0,,,,,Y,Y,D,22,0,1,0,0,0,0,0,0,0,"- ","- ",39.444679260253906,-123.37648010253906,MENDOCINO,UNINCORPORATED,-123.37648010253906,39.444713592529297
91388594,2021,2021-01-18,9150,2021-01-06,2249,021958,,3,3,9,2300,0,3,5,,2,002,"FIRCREST DR","DORA AVE",2640.00,W,N,B,-,N,,,,,,,,,,Y,4,0,1,1,A,-,08,22107,,N,F,A,A,B,H,-,D,D,0,,,,,Y,,D,22,0,0,1,0,0,0,0,0,0,"- ","- ",39.118568420410156,-123.20931243896484,MENDOCINO,UNINCORPORATED,-123.21149444580078,39.119461059570312
91512296,2021,2021-07-02,9150,2021-06-30,1100,020431,,3,1,9,2300,0,1,2,,1,012,US-101,"NELSON RANCH ROAD",50.00,S,N,A,-,Y,,,101,,,,,,,Y,3,0,1,1,A,-,08,22107,,N,F,A,A,A,H,-,A,D,0,,,,,Y,,E,22,0,1,0,0,0,0,0,0,0,"- ","- ",39.053920745849609,-123.15695953369141,MENDOCINO,UNINCORPORATED,-123.156982421875,39.053905487060547
91625003,2021,2021-11-15,9126,2021-11-07,1720,022425,,7,2,9,2300,0,1,3,,2,050,SR-162,"FAIRBANKS ROAD",3696.00,E,N,A,-,Y,,,162,,,,,,,N,3,0,1,1,A,-,08,22107,,N,E,8,A,A,H,-,D,D,0,,,,,Y,,D,22,0,1,0,0,0,0,0,0,0,"- ","- ",39.699260711669922,-123.35877227783203,MENDOCINO,UNINCORPORATED,-123.35875701904297,39.699237823486328
91451476,2021,2021-04-15,9150,2021-04-05,1520,021527,,1,2,9,2300,0,2,4,,1,023,"NORTH STATE ST","EMPIRE DR",500.00,S,N,A,-,N,,,,,,,,,,N,4,0,2,3,A,-,03,22350,,N,C,C,A,A,H,-,A,A,0,,,,,Y,,D,22,0,0,2,0,0,0,0,0,0,"- ","- ",39.166450500488281,-123.21090698242188,MENDOCINO,UNINCORPORATED,-123.21096801757812,39.166404724121094
91526381,2021,2021-07-22,9150,2021-07-19,1345,015775,,1,1,9,2300,0,1,3,,1,013,SR-175,"BUCKMAN DR.",3168.00,E,N,A,-,N,,,175,,,,,,,Y,3,0,1,1,A,-,08,22107,,N,E,I,A,A,H,-,A,D,0,,,,,Y,,A,01,0,1,0,0,0,0,0,0,0,"- ","- ",38.973098754882812,-123.03759765625,MENDOCINO,UNINCORPORATED,-123.03757476806641,38.973159790039062
91669756,2021,2022-01-04,9150,2021-12-31,0830,021972,,5,1,9,2300,0,1,3,,1,015,SR-253,"PAGE ROAD",180.00,S,N,A,-,Y,,,253,,,,,,,Y,3,0,1,1,A,-,03,22350,,N,E,I,A,C,H,-,A,D,0,,,,,Y,,A,08,0,1,0,0,0,0,0,0,0,"- ","- ",39.031990051269531,-123.27214813232422,MENDOCINO,UNINCORPORATED,-123.27214813232422,39.031932830810547
91521974,2021,2021-07-16,9150,2021-07-12,1514,020581,,1,2,3,2303,0,1,2,,2,021,"US 101 N/B FROM PERKINS ST","PERKINS ST",385.00,S,N,A,-,Y,,,,,,,,,,Y,3,0,1,1,A,-,08,22107,,N,E,8,A,A,H,-,A,D,0,,,,,Y,,A,07,0,1,0,0,0,0,0,0,0,"- ","- ",39.150718688964844,-123.19609069824219,MENDOCINO,UKIAH,-123.19671630859375,39.151508331298828
91452203,2021,2021-04-16,9150,2021-04-07,1500,021527,,3,2,9,2300,0,1,3,,1,024,SR-20,"ELLEDGE RANCH RD",40.00,E,N,A,-,Y,,,20,,,,,,,Y,3,0,1,1,C,-,18,,,N,F,A,A,A,H,-,A,D,0,,,,,Y,,-,"- ",0,1,0,0,0,0,0,0,0,"- ","- ",39.240520477294922,-123.1434326171875,MENDOCINO,UNINCORPORATED,-123.14344024658203,39.240528106689453
91571158,2021,2021-09-15,9126,2021-09-06,1405,022628,,1,2,9,2300,0,1,2,,1,077,US-101,"SHERWOOD RD",2270.00,N,N,A,-,Y,,,101,,,,,,,Y,2,0,3,2,A,-,05,21651,A,N,B,2,A,A,H,-,A,D,0,,,,,Y,,A,07,2,1,0,0,0,0,0,0,0,"- ","- ",39.601650238037109,-123.453857421875,MENDOCINO,UNINCORPORATED,-123.45381927490234,39.601650238037109
91591816,2021,2021-10-08,9150,2021-09-30,2106,022170,,4,2,9,2300,0,1,3,,2,042,"PEACHLAND ROAD",SR-128,3696.00,E,N,A,-,N,,,,,,,,,,Y,2,0,2,1,A,-,01,23152,A,N,F,J,A,A,H,-,D,D,0,,,,,Y,Y,D,22,1,0,1,0,0,0,0,0,0,"- ","- ",39.022331237792969,-123.22551727294922,MENDOCINO,UNINCORPORATED,-123.38217926025391,39.039867401123047
91496484,2021,2021-06-14,9150,2021-06-05,1526,022276,,6,2,9,2300,0,3,5,,2,006,"SHERWOOD RD","31001 SHERWOOD RD",117.00,E,N,A,-,N,,,,,,,,,,Y,3,0,2,1,A,-,01,23152,A,N,E,I,A,A,H,-,A,D,0,,,,,Y,Y,D,22,0,1,1,0,0,0,0,0,0,"- ","- ",39.441661834716797,-123.78453826904297,MENDOCINO,UNINCORPORATED,,
91452978,2021,2021-04-19,9150,2021-04-11,1615,021444,,7,2,9,2300,0,3,5,,2,003,"HEARST WILLITS ROAD","BRAY RD",72.00,E,N,A,-,N,,,,,,,,,,Y,3,0,1,1,A,-,01,23152,A,N,E,I,A,A,H,-,A,D,0,,,,,Y,Y,D,22,0,1,0,0,0,0,0,0,0,"- ","- ",39.413101196289062,-123.33560943603516,MENDOCINO,UNINCORPORATED,-123.33589172363281,39.412979125976562
91522384,2021,2021-08-27,9126,2021-06-21,1930,022452,,1,2,9,2300,0,1,3,,2,050,SR-162,"BIGGAR LANE",0.00,,Y,A,-,Y,,,162,,,,,,,Y,3,0,1,2,A,-,09,21802,A,F,D,C,A,A,H,-,A,D,0,,,,,Y,,A,01,0,1,0,0,0,0,0,0,0,"- ","- ",39.689949035644531,-123.35829162597656,MENDOCINO,UNINCORPORATED,-123.35828399658203,39.689949035644531
91571871,2021,2021-09-16,9126,2021-09-11,1410,022610,,6,2,9,2300,0,1,2,,1,077,"US 101","VINCENT LANE",528.00,S,N,A,-,Y,,,,,,,,,,N,4,0,1,2,A,-,05,21460,A,N,B,C,A,A,H,-,A,D,0,,,,,Y,,A,07,0,0,1,0,0,0,0,0,0,"- ","- ",39.661659240722656,-123.47654724121094,MENDOCINO,UNINCORPORATED,-123.47695922851562,39.661045074462891
91592963,2021,2021-10-11,9150,2021-10-01,1410,016680,,5,2,9,2300,0,3,5,,2,003,"DELLA AVE","LOCUST STREET",26.00,W,N,A,-,N,,,,,,,,,,N,3,0,1,3,A,-,05,21650,,F,B,C,A,A,H,-,A,D,0,,Y,Y,,Y,,L,04,0,1,0,0,0,0,0,0,1,"- ","- ",,,MENDOCINO,UNINCORPORATED,-123.35511016845703,39.397590637207031
91573254,2021,2021-09-17,9150,2021-09-11,0807,016680,,6,1,9,2300,0,2,4,,1,023,"NORTH STATE STREET","CENTRAL AVE",990.00,S,N,A,-,N,,,,,,,,,,Y,3,0,1,1,A,-,08,22107,,N,E,I,A,A,H,-,A,D,0,,,,,Y,,D,22,0,1,0,0,0,0,0,0,0,"- ","- ",39.222190856933594,-123.20494842529297,MENDOCINO,UNINCORPORATED,-123.20476531982422,39.222698211669922
91660022,2021,2021-12-23,9150,2021-12-11,0620,022156,,6,1,9,2300,0,1,3,,1,052,SR-1,"IRISH BEACH VISTA POINT ENTERANCE",408.00,N,N,B,-,Y,,,1,,,,,,,Y,2,0,1,1,C,-,18,,,N,E,I,A,A,H,-,B,D,0,,,,,Y,,-,"- ",1,0,0,0,0,0,0,0,0,"- ","- ",39.033279418945312,-123.6876220703125,MENDOCINO,UNINCORPORATED,-123.68775939941406,39.0333251953125
9387097,2021,2022-01-07,2303,2021-08-24,1125,4C7,2303,2,5,3,2303,0,0,0,,0,001,"NORTH STATE ST","LOW GAP RD",0.00,,Y,A,-,N,,,,,,,,,,Y,3,0,3,2,A,-,12,21453,A,N,D,C,A,A,H,-,A,A,0,,,,,Y,,A,01,0,2,1,0,0,0,0,0,0,"- ","- ",,,MENDOCINO,UKIAH,-123.20882415771484,39.159305572509766
91785847,2021,2022-06-01,9150,2021-10-18,2305,021659,,1,3,9,2300,0,1,3,,2,041,"WEST ROAD","ZAHADOOM WAY",0.00,,Y,A,-,N,,,,,,,,,,Y,1,1,1,1,A,-,08,22107,,N,E,I,A,A,H,-,D,D,0,,,,,Y,,A,07,1,0,0,0,0,0,0,0,0,"- ","- ",39.274051666259766,-123.21984100341797,MENDOCINO,UNINCORPORATED,-123.21985626220703,39.274929046630859
91450653,2021,2021-04-14,9150,2021-04-03,1424,022156,,6,2,9,2300,0,1,3,,1,051,SR-1,"IVERSEN POINT RD",0.00,,Y,A,-,Y,,,1,,,,,,,Y,2,0,2,2,A,-,01,23152,G,N,D,C,A,A,H,-,A,D,0,,,,,Y,Y,D,22,1,1,0,0,0,0,0,0,0,"- ","- ",38.847568511962891,-123.64449310302734,MENDOCINO,UNINCORPORATED,-123.64450073242188,38.847545623779297
91471025,2021,2021-05-27,9150,2021-05-05,1545,020581,,3,2,3,2303,0,2,4,,1,023,"NORTH STATE ST","CAROUSEL LANE",0.00,,Y,A,-,N,,,,,,,,,,Y,2,0,1,2,A,-,01,23152,A,N,A,C,A,A,H,-,A,D,0,,,,,Y,Y,A,01,1,0,0,0,0,0,0,0,0,"- ","- ",39.201278686523438,-123.20390319824219,MENDOCINO,UKIAH,-123.20388031005859,39.201229095458984
91413758,2021,2021-02-23,9126,2021-02-11,0105,020886,,4,3,9,2300,0,3,5,,2,555,"POONKINNEY RD",SR-162,3960.00,W,N,B,-,N,,,,,,,,,,N,3,0,1,1,A,-,01,23152,A,N,E,I,A,A,H,-,D,D,0,,,,,Y,Y,D,22,0,1,0,0,0,0,0,0,0,"- ","- ",39.755329132080078,-123.25868225097656,MENDOCINO,UNINCORPORATED,-123.25786590576172,39.755790710449219
91592021,2021,2021-10-08,9150,2021-10-05,1240,022150,,2,1,9,2300,0,1,3,,1,062,SR-1,"FROG POND RD",3696.00,S,N,A,-,Y,,,1,,,,,,,Y,4,0,1,1,C,-,18,,,N,E,I,A,A,H,-,A,D,0,,,,,Y,,-,"- ",0,0,1,0,0,0,0,0,0,"- ","- ",39.242889404296875,-123.77455139160156,MENDOCINO,UNINCORPORATED,-123.77455139160156,39.242897033691406
9322333,2021,2021-09-27,2304,2021-03-06,0823,3505,,6,5,2,2304,0,0,0,,0,001,"RT 20","GREGORY LN",0.00,,Y,B,-,N,,,,,,,,,,Y,2,0,1,2,A,-,01,23152,A,N,F,J,A,B,H,-,A,D,0,,,,,Y,Y,A,01,1,0,0,0,0,0,0,0,0,"- ","- ",,,MENDOCINO,WILLITS,-123.34886932373047,39.394546508789062
91483471,2021,2021-05-27,9150,2021-05-16,1900,022557,,7,2,9,2300,0,2,4,,2,025,"LAUGHLIN WAY","N. STATE ST.",5280.00,E,N,A,-,N,,,,,,,,,,N,2,0,1,1,A,-,01,23152,A,N,E,I,A,A,H,-,B,D,0,,,Y,,Y,Y,C,06,1,0,0,0,0,0,0,0,1,"- ","- ",39.281269073486328,-123.23388671875,MENDOCINO,UNINCORPORATED,-123.23226165771484,39.281303405761719
91581256,2021,2021-09-28,9150,2021-09-18,1055,022156,,6,1,9,2300,0,3,5,,2,006,"COMPTCHE UKIAH RD.",SR-1,5016.00,E,N,B,C,Y,,,,,,,,,,Y,4,0,1,2,A,-,03,22350,,N,B,2,A,B,F,-,A,D,0,,,,,Y,,A,01,0,0,1,0,0,0,0,0,0,"- ","- ",39.296310424804688,-123.77886962890625,MENDOCINO,UNINCORPORATED,-123.77835845947266,39.296272277832031
91601845,2021,2021-10-20,9150,2021-10-18,1815,022060,,1,2,9,2300,0,1,3,,1,052,SR-1,"PHILO GREENWOOD RD",10982.00,N,N,A,-,Y,,,1,,,,,,,Y,3,0,2,1,A,-,08,22107,,N,E,8,A,A,H,-,A,D,0,,,,,Y,,A,07,0,2,0,0,0,0,0,0,0,"- ","- ",39.154071807861328,-123.73348236083984,MENDOCINO,UNINCORPORATED,-123.73348236083984,39.154067993164062
91413857,2021,2021-02-23,9150,2021-02-20,1305,016075,,6,1,9,2300,0,3,5,,2,003,"WALKER RD.",SR-20,68.00,W,N,A,-,N,,,,,,,,,,N,4,0,2,1,A,-,03,22350,,N,E,I,A,A,H,-,A,D,0,,,,,Y,,A,01,0,0,2,0,0,0,0,0,0,"- ","- ",39.375740051269531,-123.33264923095703,MENDOCINO,UNINCORPORATED,-123.33274841308594,39.375873565673828
91633393,2021,2021-11-23,9150,2021-11-11,1611,020886,,4,2,9,2300,0,1,3,,1,037,SR-20,"CROPLEY LN",14784.00,W,N,A,-,Y,,,20,,,,,,,Y,2,0,1,1,A,-,01,23152,A,N,E,I,A,A,H,-,A,D,0,,,,,Y,Y,A,01,1,0,0,0,0,0,0,0,0,"- ","- ",39.391239166259766,-123.41703796386719,MENDOCINO,UNINCORPORATED,-123.41699981689453,39.391162872314453
91388431,2021,2021-01-15,9126,2021-01-07,0645,020886,,4,1,9,2300,0,2,4,,2,070,"SHERWOOD ROAD","BROOKTRAILS DRIVE",528.00,S,N,B,-,N,,,,,,,,,,Y,4,0,1,2,A,-,08,22105,,N,D,C,A,B,H,-,D,D,0,,,,,Y,,A,01,0,0,1,0,0,0,0,0,0,"- ","- ",39.433650970458984,-123.37760162353516,MENDOCINO,UNINCORPORATED,-123.37776947021484,39.433910369873047