CASE_ID,ACCIDENT_YEAR,PROC_DATE,JURIS,COLLISION_DATE,COLLISION_TIME,OFFICER_ID,REPORTING_DISTRICT,DAY_OF_WEEK,CHP_SHIFT,POPULATION,CNTY_CITY_LOC,SPECIAL_COND,BEAT_TYPE,CHP_BEAT_TYPE,CITY_DIVISION_LAPD,CHP_BEAT_CLASS,BEAT_NUMBER,PRIMARY_RD,SECONDARY_RD,DISTANCE,DIRECTION,INTERSECTION,WEATHER_1,WEATHER_2,STATE_HWY_IND,CALTRANS_COUNTY,CALTRANS_DISTRICT,STATE_ROUTE,ROUTE_SUFFIX,POSTMILE_PREFIX,POSTMILE,LOCATION_TYPE,RAMP_INTERSECTION,SIDE_OF_HWY,TOW_AWAY,COLLISION_SEVERITY,NUMBER_KILLED,NUMBER_INJURED,PARTY_COUNT,PRIMARY_COLL_FACTOR,PCF_CODE_OF_VIOL,PCF_VIOL_CATEGORY,PCF_VIOLATION,PCF_VIOL_SUBSECTION,HIT_AND_RUN,TYPE_OF_COLLISION,MVIW,PED_ACTION,ROAD_SURFACE,ROAD_COND_1,ROAD_COND_2,LIGHTING,CONTROL_DEVICE,CHP_ROAD_TYPE,PEDESTRIAN_ACCIDENT,BICYCLE_ACCIDENT,MOTORCYCLE_ACCIDENT,TRUCK_ACCIDENT,NOT_PRIVATE_PROPERTY,ALCOHOL_INVOLVED,STWD_VEHTYPE_AT_FAULT,CHP_VEHTYPE_AT_FAULT,COUNT_SEVERE_INJ,COUNT_VISIBLE_INJ,COUNT_COMPLAINT_PAIN,COUNT_PED_KILLED,COUNT_PED_INJURED,COUNT_BICYCLIST_KILLED,COUNT_BICYCLIST_INJURED,COUNT_MC_KILLED,COUNT_MC_INJURED,PRIMARY_RAMP,SECONDARY_RAMP,LATITUDE,LONGITUDE,COUNTY,CITY,POINT_X,POINT_Y
91436913,2021,2021-03-26,9150,2021-03-23,1101,022046,,2,1,3,2303,0,2,4,,1,023,"N STATE STREET","ORR SPRINGS RD",200.00,S,N,A,-,N,,,,,,,,,,Y,3,0,2,2,A,-,03,22350,,N,C,C,A,A,H,-,A,D,0,,,,,Y,,A,01,0,1,1,0,0,0,0,0,0,"- ","- ",39.174541473388672,-123.21125030517578,MENDOCINO,UKIAH,-123.21086883544922,39.175704956054688
91394459,2021,2021-01-26,9150,2021-01-20,2119,021444,,3,2,9,2300,0,1,2,,1,012,US-101,"BURKE HILL RD",5808.00,S,N,A,-,Y,,,101,,,,,,,Y,3,0,1,1,A,-,08,22107,,N,F,A,A,A,H,-,D,D,0,,,,,Y,,A,01,0,1,0,0,0,0,0,0,0,"- ","- ",39.070350646972656,-123.16982269287109,MENDOCINO,UNINCORPORATED,-123.16982269287109,39.070343017578125
91615946,2021,2021-11-04,9150,2021-10-24,1205,022216,,7,1,9,2300,0,1,3,,1,037,SR-20,"CROPLEY LN",10138.00,W,N,C,-,Y,,,20,,,,,,,Y,3,0,2,1,A,-,08,22107,,N,E,I,A,B,H,-,A,D,0,,,,,Y,,A,01,0,1,1,0,0,0,0,0,0,"- ","- ",39.390098571777344,-123.4093017578125,MENDOCINO,UNINCORPORATED,-123.40930938720703,39.390071868896484
91639987,2021,2021-12-01,9150,2021-11-21,2246,021804,,7,3,9,2300,0,3,5,,2,002,"LOW GAP RD","PINE RIDGE RD",10560.00,W,N,A,-,N,,,,,,,,,,N,3,0,2,1,A,-,08,22107,,N,F,A,A,D,E,-,D,D,0,,,,,Y,,A,07,0,2,0,0,0,0,0,0,0,"- ","- ",39.164588928222656,-123.27433013916016,MENDOCINO,UNINCORPORATED,-123.29180908203125,39.159400939941406
91460189,2021,2021-05-27,9150,2021-04-16,1726,021527,,5,2,9,2300,0,2,4,,1,023,"NORTH STATE ST","US-101 OFF RAMP",0.00,,Y,A,-,N,,,,,,,,,,Y,3,0,2,2,A,-,09,21804,A,N,D,C,A,A,H,-,A,D,0,,,,,Y,,A,01,0,1,1,0,0,0,0,0,0,"- ","- ",39.160751342773438,-123.18609619140625,MENDOCINO,UNINCORPORATED,,
91655418,2021,2021-12-17,9150,2021-12-15,0835,015775,,3,1,9,2300,0,1,3,,2,041,SR-128,"ELK HORN",0.00,,Y,C,-,Y,,,128,,,,,,,Y,3,0,2,2,A,-,03,22350,,N,E,I,A,B,H,-,A,D,0,,,,,Y,,A,01,0,1,1,0,0,0,0,0,0,"- ","- ",38.892471313476562,-123.20329284667969,MENDOCINO,UNINCORPORATED,-123.20327758789062,38.892536163330078
91418814,2021,2021-03-02,9150,2021-02-19,2236,022170,,5,3,9,2300,0,1,3,,2,041,SR-128,"HULBERT RD",1030.00,W,N,C,-,Y,,,128,,,,,,,Y,3,0,1,1,A,-,01,23152,A,N,E,I,A,B,H,-,D,D,0,,,,,Y,Y,D,22,0,1,0,0,0,0,0,0,0,"- ","- ",38.908111572265625,-123.23648834228516,MENDOCINO,UNINCORPORATED,-123.23649597167969,38.908077239990234
91561682,2021,2021-09-02,9126,2021-08-26,0300,022610,,4,3,9,2300,0,1,3,,2,050,SR-162,"SHORT CREEK RD",2640.00,W,N,A,-,Y,,,162,,,,,,,Y,3,0,1,1,A,-,08,22107,,F,F,A,A,A,H,-,D,D,0,,,,,Y,,A,07,0,1,0,0,0,0,0,0,0,"- ","- ",39.823230743408203,-123.19790649414062,MENDOCINO,UNINCORPORATED,-123.19797515869141,39.823280334472656
91479159,2021,2021-05-27,9150,2021-05-13,1300,021972,,4,1,9,2300,0,1,3,,1,037,SR-20,20MEN30.14,26.00,E,N,A,-,Y,,,20,,,,,,,Y,3,0,1,2,A,-,05,21460,A,N,A,C,A,A,H,-,A,D,0,,,Y,,Y,,C,02,0,1,0,0,0,0,0,0,1,"- ","- ",39.393699645996094,-123.39600372314453,MENDOCINO,UNINCORPORATED,-123.39598846435547,39.393756866455078
91434556,2021,2021-03-24,9126,2021-03-18,1040,021836,,4,1,9,2300,0,3,5,,2,555,"HEARST WILLITS ROAD","FOSTER MOUNTAIN ROAD",4224.00,N,N,C,-,N,,,,,,,,,,Y,3,0,1,1,A,-,03,22350,,N,F,A,A,D,H,-,A,D,0,,,,,Y,,A,01,0,1,0,0,0,0,0,0,0,"- ","- ",39.472579956054688,-123.21695709228516,MENDOCINO,UNINCORPORATED,-123.21363830566406,39.470298767089844
9222325,2021,2021-04-02,2301,2021-02-05,1600,2,2301,5,5,2,2301,0,0,0,,0,,"NORTH MAIN ST","AIRPORT RD",0.00,S,N,A,-,Y,MEN,1,1,-,-,62.690,H,-,N,Y,4,0,1,2,A,-,04,21703,,N,C,D,A,A,H,-,A,D,0,,,,,Y,,A,01,0,0,1,0,0,0,0,0,0,"- ","- ",,,MENDOCINO,"FORT BRAGG",-123.80618286132812,39.461669921875
91409794,2021,2021-02-17,9150,2021-02-08,0540,022359,,1,3,9,2300,0,1,3,,1,065,SR-20,"VERONICA LN",470.00,W,N,A,-,Y,,,20,,,,,,,N,3,0,1,2,A,-,08,22107,,F,B,C,A,A,H,-,C,D,0,,,,,Y,,D,22,0,1,0,0,0,0,0,0,0,"- ","- ",39.415439605712891,-123.78558349609375,MENDOCINO,UNINCORPORATED,-123.78557586669922,39.415412902832031
91617727,2021,2021-11-05,9150,2021-11-05,1030,021972,,5,1,9,2300,0,3,5,,2,002,"ROBINSON CREEK RD",SR-253,4224.00,W,N,A,-,N,,,,,,,,,,Y,2,0,1,1,A,-,03,22350,,N,E,I,A,A,H,-,A,D,0,,,,,Y,,D,22,1,0,0,0,0,0,0,0,0,"- ","- ",39.094150543212891,-123.23164367675781,MENDOCINO,UNINCORPORATED,-123.23173522949219,39.091625213623047
91521171,2021,2021-07-15,9150,2021-07-07,1130,015775,,3,1,9,2300,0,1,3,,1,015,SR-253,"ROBINSON VALLEY RD.",16685.00,W,N,A,-,Y,,,253,,,,,,,Y,3,0,1,1,A,-,08,22107,,N,E,I,A,A,H,-,A,D,0,,,,,Y,,A,01,0,1,0,0,0,0,0,0,0,"- ","- ",39.064540863037109,-123.22476196289062,MENDOCINO,UNINCORPORATED,-123.22473907470703,39.064456939697266
91590939,2021,2021-10-07,9150,2021-10-01,1553,022220,,5,2,9,2300,0,1,3,,1,052,SR-1,"PHILO GREENWOOD ROAD",520.00,S,N,A,-,Y,,,1,,,,,,,Y,3,0,1,1,A,-,01,23152,A,N,E,I,A,A,H,-,A,D,0,,,,,Y,Y,A,01,0,1,0,0,0,0,0,0,0,"- ","- ",39.127330780029297,-123.71331024169922,MENDOCINO,UNINCORPORATED,-123.71330261230469,39.127292633056641
91785835,2021,2022-06-01,9150,2021-09-27,1611,021890,,1,2,9,2300,0,1,3,,1,051,SR-20,"20 MEN 36.76",33.00,W,N,C,-,Y,,,20,,,,,,,Y,1,1,0,2,A,-,01,23152,A,N,A,C,A,B,H,-,A,D,0,,,,Y,Y,Y,E,22,0,0,0,0,0,0,0,0,0,"- ","- ",39.238361358642578,-123.14810180664062,MENDOCINO,UNINCORPORATED,-123.14810180664062,39.238372802734375
91623367,2021,2021-11-12,9150,2021-11-09,1225,015775,,2,1,3,2303,0,1,3,,1,015,SR-253,SR-128,6653.00,E,N,B,-,Y,,,,,,,,,,Y,3,0,1,1,A,-,03,22350,,N,E,I,A,A,H,-,A,D,0,,,,,Y,,D,22,0,1,0,0,0,0,0,0,0,"- ","- ",39.999401092529297,-123.33740234375,MENDOCINO,UKIAH,-123.33639526367188,38.999641418457031
91657877,2021,2021-12-21,9150,2021-12-15,1035,015775,,3,1,9,2300,0,1,2,,1,010,US-101,"COUNTY ROAD 112 A",940.00,W,N,B,-,Y,,,101,,,,,,,Y,4,0,1,1,A,-,03,22350,,N,E,I,A,B,H,-,A,D,0,,,,,Y,,A,01,0,0,1,0,0,0,0,0,0,"- ","- ",38.984230041503906,-123.1171875,MENDOCINO,UNINCORPORATED,-123.11732482910156,38.984199523925781
9243665,2021,2021-04-22,2303,2021-01-15,1542,4C16,,5,5,3,2303,0,0,0,,0,001,"EAST PERKINS ST","SOUTH ORCHARD AV",116.00,W,N,B,-,N,,,,,,,,,,Y,4,0,1,3,A,-,08,22107,,N,A,C,A,A,H,-,A,A,0,,,,,Y,,A,01,0,0,1,0,0,0,0,0,0,"- ","- ",,,MENDOCINO,UKIAH,-123.19947052001953,39.1513671875
91503079,2021,2021-06-22,9150,2021-06-11,2025,020581,,5,2,9,2300,0,1,2,,1,031,"US 101","GOLDEN RULE",1915.00,N,N,B,C,Y,,,,,,,,,,Y,3,0,2,1,A,-,08,22107,,N,E,8,A,B,H,-,B,D,0,,,,,Y,,A,01,0,1,1,0,0,0,0,0,0,"- ","- ",39.328178405761719,-123.30258941650391,MENDOCINO,UNINCORPORATED,,
91575650,2021,2021-09-21,9150,2021-09-15,1310,022150,,3,1,9,2300,0,1,3,,1,062,SR-1,"ALBION LITTLE RIVER RD",5280.00,N,N,B,-,Y,,,1,,,,,,,N,4,0,1,1,A,-,03,22350,,N,F,A,A,A,H,-,A,D,0,,,Y,,Y,,C,02,0,0,1,0,0,0,0,0,1,"- ","- ",39.238628387451172,-123.76831817626953,MENDOCINO,UNINCORPORATED,-123.76835632324219,39.238624572753906
9414404,2021,2022-03-28,2303,2021-11-30,1720,4101,2303,2,5,3,2303,0,0,0,,0,002,"SOUTH STATE ST","OBSERVATORY AV",0.00,,Y,A,-,N,,,,,,,,,,Y,4,0,2,2,A,-,09,21801,A,N,A,C,A,A,H,-,C,D,0,,,,,Y,,A,01,0,0,2,0,0,0,0,0,0,"- ","- ",,,MENDOCINO,UKIAH,-123.20561981201172,39.137832641601562
91419319,2021,2021-03-02,9150,2021-02-24,1240,022276,,3,1,2,2301,0,1,3,,1,064,SR-1,"LITTLE VALLEY RD",0.00,,Y,A,-,Y,,,,,,,,,,Y,3,0,1,2,A,-,12,22450,A,N,D,C,A,A,H,-,A,D,0,,,,,Y,,A,01,0,1,0,0,0,0,0,0,0,"- ","- ",39.507431030273438,-123.76589202880859,MENDOCINO,"FORT BRAGG",-123.76586151123047,39.507469177246094
91494364,2021,2021-06-10,9126,2021-05-25,1820,022425,,2,2,9,2300,0,1,2,,1,077,US-101,"REYNOLDS HIGHWAY",5808.00,S,N,A,-,Y,,,101,,,,,,,Y,4,0,1,2,A,-,09,21804,A,N,D,C,A,A,H,-,A,D,0,,,,,Y,,A,07,0,0,1,0,0,0,0,0,0,"- ","- ",39.447090148925781,-123.35012817382812,MENDOCINO,UNINCORPORATED,-123.35018920898438,39.447139739990234
91517628,2021,2021-07-12,9150,2021-06-30,0120,021804,,3,3,9,2300,0,2,4,,2,014,"OLD RIVER RD",SR-175,0.00,,Y,A,-,N,,,,,,,,,,Y,2,0,1,1,A,-,01,23152,A,N,E,I,A,A,H,-,D,D,0,,,,,Y,Y,A,01,1,0,0,0,0,0,0,0,0,"- ","- ",39.014381408691406,-123.11901092529297,MENDOCINO,UNINCORPORATED,-123.10275268554688,38.972438812255859
91552037,2021,2021-08-23,9150,2021-08-11,1650,021527,,3,2,9,2300,0,1,2,,2,021,US-101,"PERKINS ST",400.00,S,N,A,-,Y,,,101,,,,,,,Y,3,0,1,3,A,-,03,22350,,N,C,C,A,A,H,-,A,A,0,,,,,Y,,A,01,0,1,0,0,0,0,0,0,0,"- ","- ",39.150341033935547,-123.19666290283203,MENDOCINO,UNINCORPORATED,-123.19664001464844,39.150341033935547
91411992,2021,2021-02-19,9126,2021-02-09,1220,022460,,2,1,9,2300,0,1,2,,2,011,US-101,"SR-271 CUMMINGS UNDERCROSS",4224.00,S,N,A,-,Y,,,101,,,,,,,Y,2,0,2,2,A,-,09,21804,A,N,D,C,A,A,H,-,A,D,0,,,,,Y,,B,01,1,1,0,0,0,0,0,0,0,"- ","- ",39.830448150634766,-123.61515808105469,MENDOCINO,UNINCORPORATED,-123.61515045166016,39.830528259277344
91413846,2021,2021-02-23,9150,2021-02-19,0830,022557,,5,1,9,2300,0,1,3,,1,024,SR-20,"COUNTY ROAD 144",50.00,W,N,B,-,Y,,,20,,,,,,,Y,4,0,1,2,A,-,08,22107,,N,D,C,A,B,H,-,A,D,0,,,,,Y,,A,01,0,0,1,0,0,0,0,0,0,"- ","- ",39.242668151855469,-123.19595336914062,MENDOCINO,UNINCORPORATED,-123.19596099853516,39.242652893066406
91583089,2021,2021-09-29,9126,2021-09-23,1635,022425,,4,2,9,2300,0,3,5,,2,555,"MENDOCINO PASS ROAD","COUNTY ROAD 343",23760.00,E,N,A,-,N,,,,,,,,,,N,3,0,1,1,A,-,08,22107,,N,F,A,A,A,H,-,D,D,0,,,,,Y,,A,01,0,1,0,0,0,0,0,0,0,"- ","- ",39.808429718017578,-123.03102874755859,MENDOCINO,UNINCORPORATED,-123.14356231689453,39.828384399414062
91591534,2021,2021-10-08,9126,2021-05-13,0250,014469,,4,3,9,2300,0,1,2,,1,077,"US-101 (REDWOOD HIGHWAY)","N. MAIN STREET INTERCHANGE",2112.00,S,N,A,-,Y,,,,,,,,,,Y,1,1,1,2,A,-,01,23152,F,N,A,2,A,A,H,-,D,D,0,,,Y,,Y,,A,01,0,1,0,0,0,0,0,1,0,"- ","- ",39.79901123046875,-123.25755310058594,MENDOCINO,UNINCORPORATED,-123.35755157470703,39.435371398925781
91630280,2021,2021-11-19,9126,2021-11-09,1135,014469,,2,1,9,2300,0,1,3,,2,050,"SR-162 (COVELO ROAD)","RIVER ACCESS",3168.00,E,N,B,-,Y,,,162,,,,,,,Y,3,0,1,1,A,-,08,22107,,N,E,8,A,B,H,-,A,D,0,,,,Y,Y,,F,78,0,1,0,0,0,0,0,0,0,"- ","- ",39.586498260498047,-123.38430786132812,MENDOCINO,UNINCORPORATED,-123.38422393798828,39.586494445800781
91622708,2021,2021-11-11,9126,2021-11-01,1530,022449,,1,2,9,2300,0,1,2,,1,077,US-101,"UNDERPASS ROAD",5280.00,N,N,B,-,Y,,,101,,,,,,,Y,3,0,1,1,A,-,01,23152,F,N,E,I,A,B,H,-,A,D,0,,,,,Y,,A,07,0,1,0,0,0,0,0,0,0,"- ","- ",39.538028717041016,-123.4176025390625,MENDOCINO,UNINCORPORATED,-123.41753387451172,39.538036346435547
91402798,2021,2021-02-04,9150,2021-01-27,2010,020581,,3,2,9,2300,0,1,3,,1,037,"RT 20","JAMES CREEK",805.00,E,N,B,-,Y,,,20,,,,,,,Y,3,0,1,1,C,-,18,,,N,H,A,A,B,H,-,D,D,0,,,,,Y,,-,"- ",0,1,0,0,0,0,0,0,0,"- ","- ",39.350799560546875,-123.51080322265625,MENDOCINO,UNINCORPORATED,-123.51071166992188,39.350845336914062
91482925,2021,2021-05-27,9126,2021-05-15,1644,022449,,6,2,9,2300,0,1,2,,1,077,US-101,"SCHOW ROAD",7814.00,S,N,C,-,Y,,,101,,,,,,,Y,3,0,1,1,A,-,01,23152,A,N,E,8,A,B,H,-,A,D,0,,,,,Y,Y,A,07,0,1,0,0,0,0,0,0,0,"- ","- ",39.440559387207031,-123.35537719726562,MENDOCINO,UNINCORPORATED,-123.35543823242188,39.440597534179688
91510022,2021,2021-06-30,9150,2021-06-23,0823,015775,,3,1,9,2300,0,1,2,,1,010,US-101,"OLD RIVER RD.",5544.00,S,N,A,-,Y,,,101,,,,,,,Y,4,0,1,3,A,-,03,22350,,N,C,C,A,A,H,-,A,D,0,,,,Y,Y,,D,22,0,0,1,0,0,0,0,0,0,"- ","- ",38.946430206298828,-123.08188629150391,MENDOCINO,UNINCORPORATED,-123.08186340332031,38.946449279785156
91666810,2021,2021-12-30,9150,2021-12-21,1420,021958,,2,2,9,2300,0,2,4,,1,023,"NORTH STATE ST","MOORE ST",0.00,,Y,B,C,N,,,,,,,,,,Y,4,0,1,2,A,-,12,22450,A,N,D,C,A,B,H,-,A,A,0,,,,,Y,,A,01,0,0,1,0,0,0,0,0,0,"- ","- ",39.2335205078125,-123.20252990722656,MENDOCINO,UNINCORPORATED,-123.20254516601562,39.233547210693359
91396006,2021,2021-01-28,9150,2021-01-25,1645,022557,,1,2,9,2300,0,1,3,,1,024,SR-20,"MARINA DR",550.00,W,N,A,-,Y,,,20,,,,,,,Y,3,0,1,1,A,-,08,22107,,N,E,I,A,A,H,-,A,D,0,,,,,Y,,A,07,0,1,0,0,0,0,0,0,0,"- ","- ",39.238109588623047,-123.17017364501953,MENDOCINO,UNINCORPORATED,-123.17017364501953,39.238071441650391
91642024,2021,2021-12-03,9150,2021-11-19,0628,022156,,5,1,9,2300,0,1,3,,2,061,SR-128,"FLYNN CREEK RD",8184.00,W,N,B,C,Y,,,128,,,,,,,Y,4,0,1,1,A,-,03,22350,,N,F,0,A,B,H,-,B,D,0,,,,Y,Y,,F,26,0,0,1,0,0,0,0,0,0,"- ","- ",39.159290313720703,-123.60260772705078,MENDOCINO,UNINCORPORATED,-123.60261535644531,39.159370422363281
91423709,2021,2021-03-09,9126,2021-03-01,2051,022449,,1,2,9,2300,0,3,5,,2,555,"CANYON ROAD (COUNTY ROAD 308)","EASTSIDE ROAD",4752.00,E,N,A,-,N,,,,,,,,,,Y,3,0,1,1,A,-,01,23152,A,N,F,A,A,A,H,-,D,D,0,,,,,Y,Y,A,01,0,1,0,0,0,0,0,0,0,"- ","- ",39.426139831542969,-123.28655242919922,MENDOCINO,UNINCORPORATED,-123.28829956054688,39.427322387695312
91438561,2021,2021-03-29,9126,2021-03-18,0640,020886,,4,1,9,2300,0,2,4,,2,005,"FOOTHILL BLVD.","AIRPORT RD",8.50,E,N,C,-,N,,,,,,,,,,Y,3,0,1,1,A,-,01,23152,F,M,E,I,A,B,H,-,D,A,0,,,,,Y,,D,22,0,1,0,0,0,0,0,0,0,"- ","- ",39.795101165771484,-123.25753021240234,MENDOCINO,UNINCORPORATED,-123.25763702392578,39.795120239257812
91544774,2021,2021-08-13,9126,2021-07-17,0050,022516,,6,3,9,2300,0,1,2,,2,011,"US 101","ROSEWARNE ROAD",3696.00,S,N,A,-,Y,,,,,,,,,,Y,3,0,1,1,A,-,08,22107,,N,E,I,A,A,H,-,D,D,0,,,,,Y,,A,01,0,1,0,0,0,0,0,0,0,"- ","- ",39.919380187988281,-123.76570129394531,MENDOCINO,UNINCORPORATED,,
91455956,2021,2021-05-27,9150,2021-04-14,1530,021527,,3,2,9,2300,0,1,3,,2,042,SR-128,"CLARK ROAD",20.00,W,N,A,-,Y,,,128,,,,,,,Y,2,0,5,2,A,-,09,21804,A,N,D,C,A,A,H,-,A,D,0,,,,,Y,,D,22,2,3,0,0,0,0,0,0,0,"- ","- ",39.117061614990234,-123.51464080810547,MENDOCINO,UNINCORPORATED,-123.51466369628906,39.117046356201172
91526304,2021,2021-07-22,9150,2021-07-14,1432,022359,,3,2,9,2300,0,1,3,,1,065,SR-1,"COUNTY ROAD 310",13200.00,W,N,A,-,Y,,,,,,,,,,Y,4,0,1,1,A,-,01,23152,A,N,E,I,A,A,H,-,A,D,0,,,,,Y,Y,A,01,0,0,1,0,0,0,0,0,0,"- ","- ",39.360179901123047,-123.64321136474609,MENDOCINO,UNINCORPORATED,,
91651576,2021,2021-12-14,9150,2021-12-03,1231,016680,,5,1,9,2300,0,1,3,,1,024,SR-20,"COUNTY ROAD 144",0.00,,Y,A,-,Y,,,,,,,,,,Y,3,0,1,2,A,-,09,21802,A,N,D,C,A,A,H,-,A,A,0,,,,,Y,,A,07,0,1,0,0,0,0,0,0,0,"- ","- ",39.242500305175781,-123.15196990966797,MENDOCINO,UNINCORPORATED,-123.19658660888672,39.2430419921875
91384320,2021,2021-01-08,9150,2021-01-04,2230,016075,,1,3,9,2300,0,3,5,,2,003,"1600 HILLTOP DR.","EAST HILL RD.",2112.00,S,N,B,-,N,,,,,,,,,,Y,3,0,1,1,A,-,08,22107,,N,E,I,A,B,H,-,D,D,0,,,,,Y,,A,01,0,1,0,0,0,0,0,0,0,"- ","- ",39.387409210205078,-123.32306671142578,MENDOCINO,UNINCORPORATED,-123.32321929931641,39.387931823730469
91505251,2021,2021-06-24,9150,2021-06-17,0018,022156,,4,3,9,2300,0,1,3,,1,065,"SR-1 S/B","THE NORTH ROAD EDGE PROLONGATION OF THE DRIVEWAY T",739.00,N,N,A,-,Y,,,1,,,,,,S,Y,3,0,1,1,A,-,08,22107,,M,E,8,A,A,H,-,D,D,0,,,,,Y,,E,22,0,1,0,0,0,0,0,0,0,"- ","- ",39.579010009765625,-123.77220916748047,MENDOCINO,UNINCORPORATED,-123.77224731445312,39.579036712646484
91632532,2021,2021-11-22,9126,2021-11-09,1300,022425,,2,1,9,2300,0,3,5,,2,555,"DOS RIOS ROAD","HARMON DRIVE",25872.00,E,N,B,-,N,,,,,,,,,,N,2,0,1,2,A,-,05,21650,,N,A,C,A,B,H,-,A,D,0,,,Y,,Y,,C,02,1,0,0,0,0,0,0,0,1,"- ","- ",39.695098876953125,-123.41400146484375,MENDOCINO,UNINCORPORATED,-123.41489410400391,39.694961547851562
91413866,2021,2021-02-23,9150,2021-02-20,0330,022150,,6,3,9,2300,0,1,3,,1,051,SR-1,"PACIFIC WOODS RD",1136.00,N,N,A,-,Y,,,1,,,,,,,Y,4,0,1,1,A,-,08,22107,,N,F,I,A,B,H,-,D,D,0,,,,,Y,,A,07,0,0,1,0,0,0,0,0,0,"- ","- ",38.778770446777344,-123.54216766357422,MENDOCINO,UNINCORPORATED,-123.54218292236328,38.77874755859375
91424419,2021,2021-03-10,9150,2021-03-08,1624,021444,,1,2,9,2300,0,1,2,,1,031,US-101,"RIDGEWOOD RANCH ROAD",400.00,N,N,C,-,Y,,,101,,,,,,,Y,3,0,1,1,A,-,03,22350,,N,E,I,A,B,H,-,A,D,0,,,,,Y,,A,01,0,1,0,0,0,0,0,0,0,"- ","- ",39.325069427490234,-123.30126190185547,MENDOCINO,UNINCORPORATED,-123.30131530761719,39.325061798095703
91441285,2021,2021-04-01,9126,2021-01-15,0905,021219,,5,1,9,2300,0,1,2,,2,011,US-101,"BRIDGES CREEK",2112.00,N,N,A,-,Y,,,101,,,,,,,Y,1,1,0,1,A,-,01,23152,F,N,F,A,A,A,H,-,A,D,0,,,,,Y,,A,07,0,0,0,0,0,0,0,0,0,"- ","- ",39.906219482421875,-123.75762939453125,MENDOCINO,UNINCORPORATED,-123.75762939453125,39.906227111816406
91405397,2021,2021-02-18,9126,2021-02-01,1455,021102,,1,2,9,2300,0,1,2,,2,011,US-101,"JITNEY GULCH",2112.00,N,N,B,C,Y,,,101,,,,,,,Y,4,0,4,2,A,-,03,22350,,N,A,C,A,B,H,-,A,D,0,,,,,Y,,A,01,0,0,4,0,0,0,0,0,0,"- ","- ",39.878459930419922,-123.71839141845703,MENDOCINO,UNINCORPORATED,-123.71839141845703,39.878467559814453
91684057,2021,2022-01-24,9150,2021-09-27,1550,022060,,1,2,9,2300,0,1,3,,1,062,SR-1,"FROG POND RD",4224.00,S,N,C,-,Y,,,1,,,,,,,Y,1,1,0,1,A,-,03,22350,,N,E,I,A,B,H,-,A,D,0,,,,,Y,,D,22,0,0,0,0,0,0,0,0,0,"- ","- ",39.238510131835938,-123.77126312255859,MENDOCINO,UNINCORPORATED,-123.77127838134766,39.238456726074219